<?xml version="1.0" encoding="UTF-8"?>
<jcr:root xmlns:sling="http://sling.apache.org/jcr/sling/1.0" xmlns:jcr="http://www.jcp.org/jcr/1.0"
    jcr:primaryType="sling:OrderedFolder">
    <AF/>
    <AX/>
    <AL/>
    <DZ/>
    <AS/>
    <AD/>
    <AO/>
    <AI/>
    <AQ/>
    <AG/>
    <AR/>
    <AM/>
    <AW/>
    <AU/>
    <AT/>
    <AZ/>
    <BS/>
    <BH/>
    <BD/>
    <BB/>
    <BY/>
    <BE/>
    <BZ/>
    <BJ/>
    <BM/>
    <BT/>
    <BO/>
    <BA/>
    <BW/>
    <BV/>
    <BR/>
    <IO/>
    <BN/>
    <BG/>
    <BF/>
    <BI/>
    <KH/>
    <CM/>
    <CA/>
    <CV/>
    <KY/>
    <CF/>
    <TD/>
    <CL/>
    <CN/>
    <CX/>
    <CC/>
    <CO/>
    <KM/>
    <CD/>
    <CK/>
    <CR/>
    <CI/>
    <HR/>
    <CU/>
    <CY/>
    <CZ/>
    <DK/>
    <DJ/>
    <DM/>
    <DO/>
    <EC/>
    <EG/>
    <SV/>
    <GQ/>
    <ER/>
    <EE/>
    <ET/>
    <FK/>
    <FO/>
    <FJ/>
    <FI/>
    <FR/>
    <GF/>
    <PF/>
    <TF/>
    <GA/>
    <GM/>
    <GE/>
    <DE/>
    <GH/>
    <GI/>
    <GR/>
    <GL/>
    <GD/>
    <GP/>
    <GU/>
    <GT/>
    <GN/>
    <GW/>
    <GY/>
    <HT/>
    <HN/>
    <HK/>
    <HU/>
    <IC/>
    <IS/>
    <IN/>
    <ID/>
    <IR/>
    <IQ/>
    <IE/>
    <IL/>
    <IT/>
    <JM/>
    <JP/>
    <JO/>
    <KZ/>
    <KE/>
    <KI/>
    <KP/>
    <KR/>
    <KW/>
    <KG/>
    <LA/>
    <LV/>
    <LB/>
    <LS/>
    <LR/>
    <LY/>
    <LI/>
    <LT/>
    <LU/>
    <MO/>
    <MK/>
    <MG/>
    <MW/>
    <MY/>
    <MV/>
    <ML/>
    <MT/>
    <MH/>
    <MQ/>
    <MR/>
    <MU/>
    <YT/>
    <MX/>
    <FM/>
    <MD/>
    <MC/>
    <MN/>
    <ME/>
    <MS/>
    <MA/>
    <MZ/>
    <MM/>
    <NA/>
    <NR/>
    <NP/>
    <NL/>
    <AN/>
    <NC/>
    <NZ/>
    <NI/>
    <NE/>
    <NG/>
    <NU/>
    <NF/>
    <MP/>
    <NO/>
    <OM/>
    <PK/>
    <PW/>
    <PS/>
    <PA/>
    <PG/>
    <PY/>
    <PE/>
    <PH/>
    <PN/>
    <PL/>
    <PT/>
    <PR/>
    <QA/>
    <RE/>
    <RO/>
    <RU/>
    <RW/>
    <SH/>
    <KN/>
    <LC/>
    <PM/>
    <WS/>
    <SM/>
    <ST/>
    <SA/>
    <SN/>
    <RS/>
    <CS/>
    <SC/>
    <SL/>
    <SG/>
    <SK/>
    <SI/>
    <SB/>
    <SO/>
    <ZA/>
    <ES/>
    <LK/>
    <SD/>
    <SR/>
    <SJ/>
    <SZ/>
    <SE/>
    <CH/>
    <SY/>
    <TW/>
    <TJ/>
    <TZ/>
    <TH/>
    <TL/>
    <TG/>
    <TK/>
    <TO/>
    <TT/>
    <TN/>
    <TR/>
    <TM/>
    <TC/>
    <TV/>
    <UG/>
    <UA/>
    <AE/>
    <GB/>
    <US/>
    <UY/>
    <UZ/>
    <VU/>
    <VA/>
    <VE/>
    <VN/>
    <VG/>
    <VI/>
    <WF/>
    <EH/>
    <YE/>
    <ZM/>
    <ZW/>
</jcr:root>
